1,1,0.53767,-2.2588,5.1186,6.8292e+05,0.19074
1,2,1.8339,0.86217,7.7721,1.2634e+05,0.19074
2,1,3.5784,-1.3499,17.648,8446.2,0.99155
2,2,2.7694,3.0349,22.681,4.9613,0.99155
3,1,-0.12414,1.409,6.4778,2.5161e+05,0.72236
3,2,1.4897,1.4172,10.095,26023,0.72236
4,1,0.48889,0.72689,6.7597,1.4197e+05,0.23129
4,2,1.0347,-0.30344,5.2853,6.2673e+05,0.23129
5,1,-1.0689,-2.9443,2.8886,4.1957e+05,0.31119
5,2,-0.8095,1.4384,2.7709,2.6924e+05,0.31119
6,1,-0.10224,0.31921,3.7565,3.7265e+05,0.31308
6,2,-0.24145,0.31286,4.4833,3.1427e+05,0.31308
7,1,1.0933,-0.86365,5.1619,5.7867e+05,0.25729
7,2,1.1093,0.077359,6.5551,1.6404e+05,0.25729
8,1,-0.76967,-0.22558,2.9548,2.9864e+05,0.53511
8,2,0.37138,1.1174,6.9443,1.6624e+05,0.53511
9,1,1.5442,-1.4916,5.2464,6.1273e+05,0.10328
9,2,0.085931,-0.7423,6.5108,2.8399e+05,0.10328
10,1,-0.19242,-0.76485,2.683,2.4009e+05,0.1442
10,2,0.88861,-1.4023,5.8138,6.1571e+05,0.1442
11,1,1.4193,0.19781,7.3018,3.1028e+05,0.40549
11,2,0.29158,1.5877,6.6351,2.8423e+05,0.40549
12,1,0.21567,-1.148,4.6933,5.8145e+05,0.13499
12,2,-1.1658,0.10487,4.5116,2.8355e+05,0.13499
13,1,-0.082494,-0.43897,5.2115,5.5647e+05,0.34994
13,2,-1.933,-1.7947,1.5647,93591,0.34994
14,1,0.30352,0.48997,5.8753,6.2419e+05,0.14735
14,2,-0.60033,0.73936,3.1667,2.2846e+05,0.14735
15,1,1.3546,0.96095,10.474,1.6615e+05,0.62699
15,2,-1.0722,0.12405,2.0037,2.0686e+05,0.62699
16,1,2.908,1.379,20.225,17.345,0.33797
16,2,0.82522,-1.0582,5.7056,6.6202e+05,0.33797
17,1,0.70154,-0.35385,4.4921,4.8344e+05,0.3462
17,2,-2.0518,-0.82359,2.1134,1.7036e+05,0.3462
18,1,-1.3337,0.35018,2.293,2.3319e+05,0.21906
18,2,1.1275,-0.29907,6.0765,5.4774e+05,0.21906
19,1,-0.83137,-1.1564,2.1245,1.6469e+05,0.36283
19,2,-0.97921,-0.53356,3.7417,4.7248e+05,0.36283
20,1,-0.034771,1.0187,4.1009,2.7321e+05,0.24352
20,2,-0.79816,-0.13322,4.0697,4.8327e+05,0.24352
21,1,-0.29375,-1.1201,4.9078,6.6083e+05,0.20713
21,2,-0.84793,2.526,4.0618,1.3205e+05,0.20713
22,1,-0.17653,-1.332,2.6764,2.3492e+05,0.13946
22,2,0.79142,-2.3299,5.4154,6.2562e+05,0.13946
23,1,-0.13028,-0.47615,2.9245,3.8401e+05,0.24407
23,2,0.18369,0.86202,5.4012,3.7191e+05,0.24407
24,1,0.55278,-1.1176,5.6346,6.1398e+05,0.19812
24,2,1.0391,1.2607,7.0633,1.879e+05,0.19812
25,1,-0.30311,0.05129,5.3088,5.0491e+05,0.27381
25,2,0.023046,0.82606,5.726,2.2128e+05,0.27381
26,1,0.18323,0.94922,5.5805,2.9072e+05,0.31457
26,2,-1.0298,0.30706,3.2288,3.9471e+05,0.31457
27,1,-0.16234,-0.53201,3.247,4.3556e+05,0.25065
27,2,-0.14605,1.6821,3.9994,3.1379e+05,0.25065
28,1,-0.19224,1.5301,4.8748,88823,0.33367
28,2,-0.27407,-0.24902,5.5067,5.7751e+05,0.33367
29,1,-1.5062,-0.15594,2.4527,1.5301e+05,0.31629
29,2,-0.44463,0.27607,4.0366,5.307e+05,0.31629
30,1,-0.94796,-0.50782,3.1515,4.4991e+05,0.46593
30,2,-0.74111,-0.32058,2.2,84158,0.46593
31,1,-1.0667,0.35032,3.2672,3.2592e+05,0.40539
31,2,0.93373,-0.029006,5.7137,2.6868e+05,0.40539
32,1,0.098348,-0.73417,4.2065,4.7699e+05,0.14047
32,2,0.041374,-0.030814,4.5073,3.8254e+05,0.14047
33,1,2.0237,2.2294,15.469,4156.6,0.94025
33,2,-2.2584,0.33756,1.6473,55590,0.94025
34,1,0.42272,0.47163,5.8169,3.9333e+05,0.3578
34,2,-1.6702,-1.2128,2.675,2.4886e+05,0.3578
35,1,1.0061,0.25706,5.0186,3.6458e+05,0.18622
35,2,-0.65091,-0.94438,3.7425,4.492e+05,0.18622
36,1,0.91113,0.3502,6.8898,4.7971e+05,0.20253
36,2,0.59458,1.2503,5.9785,3.1776e+05,0.20253
37,1,1.1921,-0.024462,7.9969,3.9997e+05,0.26603
37,2,-1.6118,-1.9488,2.4105,3.34e+05,0.26603
38,1,-2.4863,-2.1924,1.5885,70630,0.31064
38,2,0.58117,-2.3193,4.5248,6.1873e+05,0.31064
39,1,0.85773,0.44938,8.385,1.6562e+05,0.38497
39,2,-0.69116,0.10063,3.9991,4.4941e+05,0.38497
40,1,-0.1472,-2.1237,2.8954,3.843e+05,0.22404
40,2,1.0078,-0.50459,6.0744,3.9166e+05,0.22404
41,1,-1.0149,0.13702,2.9427,3.3127e+05,0.23835
41,2,-0.47107,-0.29186,3.8668,4.3039e+05,0.23835
42,1,-2.1321,-0.62909,1.8251,72692,0.27853
42,2,1.1454,-1.2038,5.0165,6.4878e+05,0.27853
43,1,2.1778,-2.4969,6.5119,7.0006e+05,0.16495
43,2,1.1385,0.44133,7.2223,1.35e+05,0.16495
44,1,-0.27305,-0.48094,4.8433,4.2815e+05,0.3251
44,2,1.5763,0.32751,8.5135,2.4675e+05,0.3251
45,1,-0.78415,1.8586,4.3496,2.0875e+05,0.4714
45,2,-1.8054,-0.60453,2.3403,3.1984e+05,0.4714
46,1,-0.46771,1.479,4.8443,2.1302e+05,0.21197
46,2,-0.12489,-0.86082,4.0609,5.7501e+05,0.21197
47,1,-0.28414,-1.4694,3.0083,3.5975e+05,0.19721
47,2,-0.08669,0.19218,3.923,4.4303e+05,0.19721
48,1,-0.28826,-1.8359,5.6079,6.762e+05,0.19567
48,2,0.35006,1.036,7.0829,1.2813e+05,0.19567
49,1,-1.036,0.9407,2.7628,2.4894e+05,0.5067
49,2,1.8779,0.78735,9.805,2.4436e+05,0.5067
50,1,-0.57001,-0.90875,2.4338,2.8548e+05,0.37496
50,2,-1.0257,-0.2099,3.6553,3.3956e+05,0.37496
51,1,0.26965,-1.4831,4.0815,3.488e+05,0.12694
51,2,0.49429,-1.0203,4.68,5.2426e+05,0.12694
52,1,1.2616,1.1741,7.3636,2.4249e+05,0.39872
52,2,0.47542,0.12695,4.575,3.5879e+05,0.39872
53,1,-0.29259,-0.30864,3.4987,3.568e+05,0.23371
53,2,-0.54079,-1.0966,3.1768,4.0949e+05,0.23371
54,1,0.61134,1.814,11.418,16154,0.47949
54,2,0.10932,0.31202,4.445,5.0435e+05,0.47949
55,1,0.60014,-2.186,3.6375,3.3215e+05,0.10818
55,2,0.59393,-1.327,4.9461,5.5968e+05,0.10818
56,1,0.81232,-1.0516,5.2464,6.252e+05,0.3342
56,2,0.54554,0.39747,9.7152,40603,0.3342
57,1,-0.42506,-0.062791,2.8852,1.7747e+05,0.13379
57,2,0.58943,-2.022,5.1528,6.8875e+05,0.13379
58,1,-0.62638,-0.99302,2.822,4.4858e+05,0.33748
58,2,0.24952,0.97495,7.7638,2.1393e+05,0.33748
59,1,-1.521,-0.59325,2.8577,3.7295e+05,0.35747
59,2,-0.72363,0.40134,4.1354,2.6959e+05,0.35747
60,1,0.79889,0.57125,4.7641,3.9928e+05,0.17122
60,2,0.12021,0.4128,5.0803,4.295e+05,0.17122
61,1,0.17695,-0.13182,5.8194,4.3429e+05,0.24285
61,2,-0.3075,0.59536,3.9023,3.2286e+05,0.24285
62,1,0.2296,-0.61687,6.0157,2.5128e+05,0.24032
62,2,0.44,0.27484,5.223,5.084e+05,0.24032
63,1,-0.73706,0.91048,3.8707,3.0923e+05,0.47287
63,2,-1.7499,0.86708,3.1735,2.179e+05,0.47287
64,1,0.11294,0.10166,3.6163,4.8958e+05,0.31438
64,2,0.43995,2.7873,4.4979,1.9604e+05,0.31438
65,1,-0.43361,-0.21853,4.9741,2.9162e+05,0.45829
65,2,-0.16847,0.54133,6.0199,2.501e+05,0.45829
66,1,-1.2833,0.90193,4.3118,1.1532e+05,0.70572
66,2,-2.329,-1.8356,1.7496,1.7897e+05,0.70572
67,1,-0.50732,0.2458,3.4165,2.4895e+05,0.25904
67,2,0.23581,0.070045,3.6075,4.9201e+05,0.25904
68,1,-1.0322,-0.4189,3.7008,2.5044e+05,0.21888
68,2,1.3312,-0.14032,6.4767,5.3069e+05,0.21888
69,1,1.0128,-0.21302,4.6419,4.0788e+05,0.10674
69,2,0.62933,-0.8657,4.474,4.8538e+05,0.10674
70,1,0.98355,1.1437,9.0566,1.4639e+05,0.44731
70,2,-0.2977,-0.53162,3.9785,4.063e+05,0.44731
71,1,-0.41397,2.0034,4.3353,2.5575e+05,0.46381
71,2,-0.43827,0.95099,5.2755,2.8044e+05,0.46381
72,1,1.4158,1.0289,8.7305,1.8261e+05,0.42783
72,2,-1.6045,1.458,3.6309,3.8956e+05,0.42783
73,1,-2.1935,0.71354,2.3608,1.0189e+05,0.38688
73,2,-0.33341,0.31741,3.4774,5.1122e+05,0.38688
74,1,-0.76009,0.51973,2.6634,2.4752e+05,0.34746
74,2,-0.81879,-0.01416,3.1996,4.0501e+05,0.34746
75,1,0.86415,0.39836,7.253,3.3904e+05,0.47846
75,2,0.11342,0.88397,6.7415,1.825e+05,0.47846
76,1,0.47586,0.022608,7.1541,4.5988e+05,0.27922
76,2,1.4122,-0.047869,7.3826,2.609e+05,0.27922
77,1,0.14981,1.0341,4.0679,4.6154e+05,0.29312
77,2,1.4049,0.29157,8.5545,2.4534e+05,0.29312
78,1,0.80844,0.87968,8.7479,1.9558e+05,0.65398
78,2,0.21304,2.0389,7.1626,1.5043e+05,0.65398
79,1,-1.3147,1.2247,3.5611,2.3778e+05,0.43679
79,2,-0.41641,-0.043584,3.455,3.2543e+05,0.43679
80,1,-1.3615,-0.18184,2.1379,2.7151e+05,0.2453
80,2,0.34759,-0.93953,3.121,4.8319e+05,0.2453
81,1,-0.99053,-1.7254,2.1625,2.206e+05,0.46133
81,2,-1.173,0.28823,3.136,3.1808e+05,0.46133
82,1,0.093109,-1.4827,4.1842,4.8441e+05,0.068036
82,2,-0.37816,-0.043819,4.0982,4.4755e+05,0.068036
83,1,0.16635,-0.22695,6.1038,5.0695e+05,0.14478
83,2,0.37627,-1.1489,2.5152,3.4828e+05,0.14478
84,1,-0.63613,0.13805,4.2423,2.4213e+05,0.18624
84,2,0.31785,-0.71074,5.1367,5.7162e+05,0.18624
85,1,1.0486,2.5088,9.4664,1.2801e+05,0.43028
85,2,0.66071,1.0635,6.3482,4.4171e+05,0.43028
86,1,-0.75779,0.55514,2.9736,2.4903e+05,0.36571
86,2,-0.56397,-0.55678,3.4106,3.8526e+05,0.36571
87,1,-0.95264,0.07802,2.6536,3.0354e+05,0.24168
87,2,0.31732,1.3244,4.8679,4.5478e+05,0.24168
88,1,0.31051,0.50374,8.6605,1.0842e+05,0.33597
88,2,-0.24949,-0.89266,4.1202,5.5561e+05,0.33597
89,1,-0.1625,0.55576,2.7753,2.844e+05,0.19705
89,2,0.69005,-1.1203,4.3146,5.1855e+05,0.19705
90,1,-0.41125,-1.361,3.9915,4.1948e+05,0.22443
90,2,-0.36801,0.77957,3.7127,3.5609e+05,0.22443
91,1,0.4147,0.34925,4.8479,4.0565e+05,0.10963
91,2,0.34844,-0.72925,3.6955,4.8472e+05,0.10963
92,1,1.0378,-0.17291,5.9446,6.4912e+05,0.28195
92,2,-0.84594,-1.2087,1.4848,68925,0.28195
93,1,-1.0145,-0.32535,2.4442,3.5926e+05,0.37576
93,2,-0.21327,1.9444,4.6727,2.6498e+05,0.37576
94,1,-1.338,0.85309,3.2371,1.33e+05,0.66779
94,2,0.030299,0.40425,4.6396,1.9921e+05,0.66779
95,1,0.1205,1.1978,4.0288,3.6677e+05,0.17458
95,2,-0.9899,-0.59266,2.9406,4.5865e+05,0.17458
96,1,0.42068,0.095142,6.1566,5.5565e+05,0.25805
96,2,0.40074,0.49668,7.0977,1.863e+05,0.25805
97,1,0.17325,-1.1933,3.7285,5.1854e+05,0.14644
97,2,-0.50554,0.64697,3.2078,3.3502e+05,0.14644
98,1,0.17159,1.199,5.7843,4.0072e+05,0.21726
98,2,-0.062139,0.8017,3.5624,3.8203e+05,0.21726
99,1,0.49798,0.72757,5.8884,5.6095e+05,0.21821
99,2,2.7891,-0.77306,9.4378,2.2085e+05,0.21821
100,1,-0.77791,1.4065,5.2261,2.4703e+05,0.5793
100,2,0.31599,0.40112,5.2308,1.7367e+05,0.5793
101,1,0.54114,-0.20314,5.9849,4.6252e+05,0.28608
101,2,-1.5409,-0.49997,2.4595,2.514e+05,0.28608
102,1,-0.59927,0.85354,3.4163,2.8829e+05,0.24131
102,2,-0.58959,-1.853,3.4237,4.704e+05,0.24131
103,1,-0.07132,0.16136,4.1451,3.9096e+05,0.28895
103,2,-0.9383,-0.26818,2.3098,3.2008e+05,0.28895
104,1,-0.39833,-0.9119,3.3788,3.3113e+05,0.30254
104,2,-0.54355,0.6527,4.2622,3.6633e+05,0.30254
105,1,0.2778,-0.080978,3.238,3.3109e+05,0.11528
105,2,0.63952,0.54087,5.8203,5.5363e+05,0.11528
106,1,1.3845,0.44892,7.0007,3.3081e+05,0.42574
106,2,-0.062727,-0.36326,2.3604,2.4346e+05,0.42574
107,1,-0.19734,-1.4193,3.4484,4.3762e+05,0.043691
107,2,0.40561,-0.72945,3.9349,5.1869e+05,0.043691
108,1,-0.57125,0.94238,2.7458,2.2414e+05,0.22652
108,2,0.214,0.093725,4.8483,5.4934e+05,0.22652
109,1,-0.65374,-0.27097,3.2111,4.0174e+05,0.33032
109,2,-1.2294,-0.89995,2.2881,2.6795e+05,0.33032
110,1,1.2333,0.059072,7.6058,71219,0.41601
110,2,0.61031,-1.4669,4.0468,5.1277e+05,0.41601
111,1,0.25698,-1.1464,6.0656,6.6647e+05,0.2419
111,2,-0.97424,0.54764,2.3289,91636,0.2419
112,1,-1.992,-0.41466,1.8159,1.6596e+05,0.54598
112,2,0.84125,1.9122,7.7311,2.8806e+05,0.54598
113,1,-1.1687,1.3018,3.6636,2.0823e+05,0.36625
113,2,0.39258,-0.59364,5.1308,4.2552e+05,0.36625
114,1,0.12028,-0.8571,4.5112,5.4287e+05,0.31708
114,2,-1.0368,-0.16987,2.8776,1.4005e+05,0.31708
115,1,-0.25117,-2.2015,2.7806,4.0032e+05,0.28959
115,2,-0.20457,-0.77451,4.1362,3.1009e+05,0.28959
116,1,1.7985,-0.3202,9.66,1.6102e+05,0.28555
116,2,-0.11688,0.81752,4.8698,5.5343e+05,0.28555
117,1,0.54036,-0.76025,5.6739,6.2906e+05,0.11627
117,2,-0.091539,-0.6936,3.2232,2.5467e+05,0.11627
118,1,2.0108,0.3083,14.928,5107.3,0.35178
118,2,0.025554,-0.93825,4.5728,6.4311e+05,0.35178
119,1,0.85404,-1.156,4.7556,5.3201e+05,0.11849
119,2,0.38915,0.03974,4.8058,3.495e+05,0.11849
120,1,-1.0329,0.76653,3.3186,1.4256e+05,0.6683
120,2,-0.32329,1.7447,7.9931,1.8913e+05,0.6683
121,1,-0.30121,0.83277,4.198,2.5219e+05,0.32784
121,2,-0.69865,-0.69461,4.2386,4.1997e+05,0.32784
122,1,0.50473,-0.51385,4.9156,4.2709e+05,0.27988
122,2,-0.4009,0.79637,5.339,2.9303e+05,0.27988
123,1,0.0032261,3.5267,6.2118,22013,0.34847
123,2,0.36562,-0.11244,7.0549,6.2952e+05,0.34847
124,1,2.6173,0.2942,8.8661,2.8615e+05,0.21121
124,2,0.55095,-0.77784,3.4665,5.0263e+05,0.21121
125,1,0.64776,1.769,9.1623,34265,0.51128
125,2,-0.31763,1.5106,4.1998,4.5446e+05,0.51128
126,1,0.6737,-0.40032,5.6912,6.2153e+05,0.18133
126,2,-0.66911,-0.6718,2.8001,1.9713e+05,0.18133
127,1,-0.42343,-0.35189,2.8555,1.4464e+05,0.5134
127,2,0.36159,0.26954,6.5954,3.4196e+05,0.5134
128,1,0.9109,0.181,6.1423,4.833e+05,0.22246
128,2,-0.23973,0.24425,3.4104,2.9424e+05,0.22246
129,1,-0.48065,2.5383,6.7988,31777,0.44164
129,2,0.83684,-1.3233,5.0554,5.2658e+05,0.44164
130,1,-1.6625,-1.0847,3.563,3.1225e+05,0.68743
130,2,1.9437,0.22682,16.698,323.02,0.68743
131,1,0.13832,-0.36499,4.3184,5.1896e+05,0.42765
131,2,-1.9071,-0.84811,2.1388,53393,0.42765
132,1,-0.71585,1.1665,4.8048,1.8967e+05,0.4019
132,2,-0.28052,1.2128,5.4489,4.0843e+05,0.4019
133,1,0.42889,-0.89987,5.1818,5.5343e+05,0.26316
133,2,-0.29913,0.63475,4.5756,1.8341e+05,0.26316
134,1,0.39293,0.27978,5.3832,1.8383e+05,0.26661
134,2,0.19455,0.05122,5.4525,5.4956e+05,0.26661
135,1,1.9278,-0.24375,7.725,4.1711e+05,0.29743
135,2,-0.17625,-0.8976,3.7356,2.8546e+05,0.29743
136,1,0.52747,1.3418,6.76,75717,0.18121
136,2,0.8542,-2.4995,5.6503,7.4307e+05,0.18121
137,1,-1.0059,-0.11657,2.8122,2.2671e+05,0.49682
137,2,0.79068,0.55309,5.5337,2.7647e+05,0.49682
138,1,1.6321,-1.3369,7.8984,4.592e+05,0.3321
138,2,-1.5322,-1.4738,1.7846,2.087e+05,0.3321
139,1,-1.7423,1.1929,1.8202,72576,0.34904
139,2,0.2053,-0.80282,4.7562,5.7838e+05,0.34904
140,1,0.82839,-1.9092,4.8592,4.6939e+05,0.1052
140,2,0.21774,-0.53682,5.8519,4.2541e+05,0.1052
141,1,1.3094,-0.34827,9.3351,3.0687e+05,0.3801
141,2,-1.0447,1.4126,3.835,3.1303e+05,0.3801
142,1,0.7449,0.57452,8.3964,2.2926e+05,0.49381
142,2,-0.82815,0.28184,3.4962,2.7693e+05,0.49381
143,1,-0.89838,1.5973,3.4846,1.9981e+05,0.36046
143,2,0.15624,0.11244,5.5704,4.3973e+05,0.36046
144,1,-0.13477,0.46079,4.1718,5.5539e+05,0.20217
144,2,-0.018328,1.3623,6.43,2.4245e+05,0.20217
145,1,0.23599,-1.276,5.0146,5.3577e+05,0.18377
145,2,-0.83517,0.61704,3.1963,2.8046e+05,0.18377
146,1,-0.49769,-0.68783,5.532,4.2594e+05,0.18427
146,2,-0.10667,0.33188,3.5552,3.8979e+05,0.18427
147,1,1.3396,0.20872,8.1058,4.4929e+05,0.41256
147,2,-0.96914,-0.61859,4.1671,1.3815e+05,0.41256
148,1,-0.63005,2.683,6.8022,36692,0.45115
148,2,-0.046879,-1.1467,3.7029,5.1216e+05,0.45115
149,1,0.65212,0.24519,4.0898,3.6482e+05,0.38763
149,2,-0.27886,1.4725,3.2574,2.4756e+05,0.38763
150,1,-0.29635,-0.90483,3.3558,4.8788e+05,0.35226
150,2,-1.4969,-0.40418,1.9298,1.5986e+05,0.35226
151,1,1.3419,1.8179,8.4347,69161,0.62586
151,2,-0.98843,-0.37444,3.1233,3.0498e+05,0.62586
152,1,0.16023,0.63291,4.2908,3.8448e+05,0.24565
152,2,0.2874,-1.459,3.3354,3.6987e+05,0.24565
153,1,0.71744,0.16673,6.9347,3.6899e+05,0.11231
153,2,2.2878,-2.1565,9.3278,5.1871e+05,0.11231
154,1,0.77945,0.69637,5.8848,5.0037e+05,0.2651
154,2,0.38471,-0.11272,5.98,2.3453e+05,0.2651
155,1,0.0063317,-0.85493,4.3784,3.2267e+05,0.18741
155,2,0.68648,-1.0752,5.1592,4.8993e+05,0.18741
156,1,0.54051,-0.96769,5.2769,4.091e+05,0.25924
156,2,-1.4449,0.20205,3.1538,3.3166e+05,0.25924
157,1,0.87514,0.32099,8.757,2.5846e+05,0.66452
157,2,1.3954,1.6234,10.16,77018,0.66452
158,1,-0.41489,0.036223,7.9198,48709,0.35228
158,2,0.35846,-0.36463,5.4073,5.9901e+05,0.35228
159,1,0.5643,2.7292,5.5929,2.781e+05,0.35873
159,2,1.5826,0.30356,8.9563,3.6318e+05,0.35873
160,1,0.27187,1.4371,7.8486,1.7993e+05,0.71588
160,2,1.4896,-0.027561,9.5851,1.0419e+05,0.71588
161,1,0.15676,-0.50003,5.763,5.2136e+05,0.21456
161,2,-0.30054,0.71647,6.317,2.6408e+05,0.21456
162,1,-0.63271,-0.075449,5.3595,2.5647e+05,0.1466
162,2,1.612,-0.47324,7.6298,5.9693e+05,0.1466
163,1,0.43399,-1.0922,4.2535,5.9147e+05,0.17646
163,2,0.52014,-0.22579,6.2942,2.3207e+05,0.17646
164,1,1.7849,-0.0086966,11.006,1.1333e+05,0.38892
164,2,-0.30375,0.50664,4.6678,4.9776e+05,0.38892
165,1,-0.2315,1.6829,3.9033,1.9204e+05,0.34036
165,2,0.61339,0.56839,6.3423,4.6759e+05,0.34036
166,1,-0.21919,-0.3208,3.768,3.8433e+05,0.25034
166,2,-0.87977,-0.78442,2.9798,3.6533e+05,0.25034
167,1,-0.15261,0.45828,5.3311,3.3395e+05,0.33942
167,2,0.033688,1.2816,4.8191,3.2662e+05,0.33942
168,1,-1.7807,-1.7136,1.9234,2.2737e+05,0.6861
168,2,-2.3472,-0.23713,1.6559,86528,0.6861
169,1,-0.63052,0.78233,4.0491,4.4313e+05,0.44655
169,2,0.60963,2.4366,7.6758,1.1032e+05,0.44655
170,1,-0.050531,-0.25736,4.4444,4.06e+05,0.45606
170,2,-1.7558,0.74954,3.1785,1.3794e+05,0.45606
171,1,0.77684,-0.56438,6.5725,5.6276e+05,0.38646
171,2,-2.2598,0.90149,2.5146,50785,0.38646
172,1,0.15377,-0.18016,5.7103,4.0609e+05,0.24779
172,2,-0.75863,-0.20779,3.5608,3.4612e+05,0.24779
173,1,-0.36227,0.21671,3.9885,3.5601e+05,0.22343
173,2,0.061141,-1.3981,5.4173,4.2057e+05,0.22343
174,1,0.56049,-0.15395,5.3638,4.8607e+05,0.17912
174,2,-0.42034,-0.2752,4.2885,3.3481e+05,0.17912
175,1,1.7553,0.82526,8.0375,1.53e+05,0.16264
175,2,0.93149,-0.81481,5.6686,6.8437e+05,0.16264
176,1,-1.5144,-0.75813,1.7062,91707,0.64915
176,2,1.0262,2.0783,8.4194,2.5914e+05,0.64915
177,1,0.40432,0.85978,4.28,4.2179e+05,0.47119
177,2,-0.79385,0.066869,2.4698,1.0702e+05,0.47119
178,1,0.18117,0.68775,6.5042,2.9024e+05,0.21858
178,2,0.05425,-1.3934,3.405,4.9118e+05,0.21858
179,1,0.14956,1.5239,8.3189,1.7475e+05,0.47973
179,2,-1.9445,0.54581,2.8558,3.4552e+05,0.47973
180,1,-1.7389,0.21916,2.0656,90563,0.40362
180,2,0.016971,1.0458,5.603,5.0582e+05,0.40362
181,1,0.77416,-0.23511,6.7345,5.057e+05,0.33124
181,2,0.26565,1.8773,6.1298,1.6306e+05,0.33124
182,1,0.17359,-0.60352,4.1449,3.5932e+05,0.075287
182,2,0.45359,-0.79702,5.7761,5.6539e+05,0.075287
183,1,-0.23855,-0.32734,3.7071,4.3855e+05,0.2209
183,2,-0.48401,0.47552,3.0047,3.4055e+05,0.2209
184,1,-0.85952,-0.51599,2.5681,3.7621e+05,0.37407
184,2,-1.413,-1.0851,2.2765,2.4972e+05,0.37407
185,1,0.34037,1.1139,5.184,3.9115e+05,0.35216
185,2,-0.96323,-1.5861,1.9051,2.5669e+05,0.35216
186,1,-0.57483,-1.185,4.2961,2.0084e+05,0.17826
186,2,-0.74071,-2.0649,4.2708,6.209e+05,0.17826
187,1,-0.046003,0.075947,2.6358,2.869e+05,0.20162
187,2,-0.46575,-0.91877,3.1011,5.1148e+05,0.20162
188,1,2.3742,0.40388,8.646,2.386e+05,0.42714
188,2,-0.23335,1.1925,5.1916,3.3426e+05,0.42714
189,1,0.1578,0.72306,5.5348,1.1673e+05,0.32228
189,2,-0.52794,-0.84994,4.1152,5.61e+05,0.32228
190,1,-0.50508,1.0724,4.76,2.3231e+05,0.38303
190,2,0.40807,0.96798,5.1775,3.8466e+05,0.38303
191,1,1.3769,0.14123,6.4994,6.1198e+05,0.28632
191,2,-1.4082,1.2897,2.5938,1.017e+05,0.28632
192,1,-0.20052,-0.88335,3.1338,4.3145e+05,0.18233
192,2,0.13674,0.082538,4.1542,3.8622e+05,0.18233
193,1,3.5699,1.1469,14.455,26766,0.97281
193,2,3.4075,0.78726,18.962,426.67,0.97281
194,1,0.48299,-0.34028,5.0949,3.5618e+05,0.14827
194,2,0.10848,-0.92585,5.1495,4.9555e+05,0.14827
195,1,0.65748,-1.6165,4.2583,6.2014e+05,0.12142
195,2,0.58425,0.018774,3.3791,2.5844e+05,0.12142
196,1,0.82543,0.26225,3.7962,4.3823e+05,0.21818
196,2,-0.22929,-0.89798,4.1812,3.4359e+05,0.21818
197,1,1.7351,1.1929,7.8199,2.2131e+05,0.47549
197,2,-0.3717,0.95365,4.6732,3.032e+05,0.47549
198,1,0.67679,0.6784,5.8615,5.3546e+05,0.22404
198,2,0.6744,-0.31258,4.025,2.405e+05,0.22404
199,1,-0.66074,1.5081,3.6392,1.2058e+05,0.30255
199,2,0.32756,-0.88891,4.517,5.7687e+05,0.30255
200,1,-0.97781,-0.37026,2.6351,3.8432e+05,0.43591
200,2,-1.5729,-0.22115,2.4779,1.7978e+05,0.43591
201,1,-2.1746,0.66903,2.0028,80014,0.32744
201,2,0.14461,-0.84883,4.9879,5.9255e+05,0.32744
202,1,0.41211,0.83516,5.528,5.4431e+05,0.29356
202,2,-0.93715,1.0945,3.7345,1.6213e+05,0.29356
203,1,-1.2158,0.52648,2.4687,2.5036e+05,0.33592
203,2,1.5908,0.26482,5.7969,4.1372e+05,0.33592
204,1,2.4124,0.30975,10.796,2.3154e+05,0.5411
204,2,0.74025,-0.54199,8.3099,2.2736e+05,0.5411
205,1,-1.2203,0.052429,3.1069,2.5834e+05,0.25374
205,2,-0.37624,-1.9539,3.6715,4.8792e+05,0.25374
206,1,1.0437,-0.46882,5.7211,5.626e+05,0.10077
206,2,0.80218,-0.046592,4.1415,3.3663e+05,0.10077
207,1,0.077669,0.79726,6.8962,55697,0.59581
207,2,1.7909,-0.4425,10.652,3.4849e+05,0.59581
208,1,-0.47887,0.97499,5.4453,3.612e+05,0.4581
208,2,-1.4127,0.28972,2.1963,1.807e+05,0.4581
209,1,1.275,-0.087409,7.1277,5.2596e+05,0.12762
209,2,-0.55119,-0.34782,3.3275,3.4641e+05,0.12762
210,1,-1.0457,0.33195,2.3728,73048,0.28777
210,2,0.50571,-1.6354,5.173,6.3918e+05,0.28777
211,1,-1.5438,0.86708,2.3867,1.8419e+05,0.4355
211,2,-1.5518,-0.14537,3.3481,3.8031e+05,0.4355
212,1,0.41781,-0.85435,7.7711,4.3696e+05,0.1938
212,2,0.81988,0.35732,4.4821,3.6925e+05,0.1938
213,1,-0.82709,0.4979,3.0402,3.705e+05,0.6037
213,2,-0.83198,2.3156,7.0297,25800,0.6037
214,1,0.54466,0.61988,6.1818,5.0719e+05,0.18386
214,2,-0.13791,-0.0055828,4.0196,3.0896e+05,0.18386
215,1,1.561,-0.24235,5.9491,4.3762e+05,0.33985
215,2,-1.1966,1.0048,3.6556,2.2253e+05,0.33985
216,1,-0.77023,0.093187,4.6528,2.3228e+05,0.39452
216,2,-0.0071347,0.93525,4.691,3.7321e+05,0.39452
217,1,-0.8127,0.85861,6.2732,51812,0.3866
217,2,-0.43842,0.19522,3.819,5.6159e+05,0.3866
218,1,-0.41593,0.089252,4.2423,4.4934e+05,0.38858
218,2,-0.084225,1.4561,5.5911,1.6208e+05,0.38858
219,1,-0.68943,-1.565,2.4528,2.5845e+05,0.20606
219,2,0.45081,-0.078796,4.2937,5.355e+05,0.20606
220,1,-0.98897,-2.2285,3.4355,5.5309e+05,0.26145
220,2,-1.5159,-0.15152,2.1298,1.8545e+05,0.26145
221,1,1.5833,1.294,10.947,21711,0.4553
221,2,-0.24941,0.36198,5.4447,5.2299e+05,0.4553
222,1,1.296,-0.065615,8.2124,2.2544e+05,0.27976
222,2,1.7813,-0.25568,8.3441,4.948e+05,0.27976
223,1,0.71511,0.17755,3.8068,4.2733e+05,0.10869
223,2,1.0486,0.1533,4.473,4.6398e+05,0.10869
224,1,-0.1551,2.2461,3.8023,1.9462e+05,0.63345
224,2,-1.6149,0.73928,1.9198,1.7193e+05,0.63345
225,1,-0.45989,-0.16388,2.6934,3.5158e+05,0.23918
225,2,1.091,-0.06724,6.0893,4.0923e+05,0.23918
226,1,-0.45221,1.2372,3.825,4.0065e+05,0.31651
226,2,0.78337,1.0772,6.1752,2.8284e+05,0.31651
227,1,0.95947,-0.17332,7.3719,4.6947e+05,0.31125
227,2,-0.34093,0.6163,3.2515,2.1928e+05,0.31125
228,1,-0.15113,-0.36419,4.0744,4.2507e+05,0.17293
228,2,0.89278,-0.82619,6.4018,4.02e+05,0.17293
229,1,-1.518,-3.0722,1.8544,2.072e+05,0.50026
229,2,-1.0749,0.52141,3.1336,2.9254e+05,0.50026
230,1,-0.44043,-0.24037,3.0187,2.3613e+05,0.35787
230,2,-0.84847,0.60293,3.1086,4.0599e+05,0.35787
231,1,0.66937,-0.88214,5.5881,3.9898e+05,0.12213
231,2,0.68324,-1.5045,5.8084,4.7888e+05,0.12213
232,1,-1.1821,-0.58001,2.094,1.4681e+05,0.40475
232,2,0.58385,-0.56137,7.1654,4.4844e+05,0.40475
233,1,1.511,0.64302,11.52,34131,0.45224
233,2,-1.1372,-0.01276,3.7059,5.1363e+05,0.45224
234,1,-0.12649,3.1585,11.593,7653.2,0.7069
234,2,0.26414,1.2266,6.8496,2.8545e+05,0.7069
235,1,-0.52778,-0.15763,3.3656,4.4197e+05,0.10371
235,2,1.2416,-1.3736,4.4374,4.5432e+05,0.10371
236,1,-0.95091,-0.16195,2.6259,3.2431e+05,0.25271
236,2,-0.91073,-0.4889,2.9355,4.2298e+05,0.25271
237,1,-2.0995,0.66428,2.7432,1.0069e+05,0.42532
237,2,-0.39024,-0.70226,4.6515,4.7399e+05,0.42532
238,1,-0.68884,0.04839,4.4219,3.5523e+05,0.18486
238,2,-0.85684,-0.66485,3.7548,4.5991e+05,0.18486
239,1,0.51081,-0.12502,5.8074,3.7613e+05,0.27319
239,2,-0.65627,-0.53047,4.5661,3.5069e+05,0.27319
240,1,-0.91471,-0.98335,3.4661,3.5263e+05,0.34214
240,2,0.1798,0.38483,6.7701,3.0523e+05,0.34214
241,1,-0.50507,-2.0516,2.4347,2.6457e+05,0.26353
241,2,-0.47599,-0.4483,4.3952,4.719e+05,0.26353
242,1,-0.37841,1.605,3.8637,3.725e+05,0.3991
242,2,0.14306,1.3491,6.0126,2.284e+05,0.3991
243,1,0.73906,-1.5312,4.6977,5.1595e+05,0.2064
243,2,0.90004,0.50462,6.127,2.7765e+05,0.2064
244,1,-0.16374,1.6345,3.4011,2.1714e+05,0.2349
244,2,0.60673,-0.62349,4.2042,5.4796e+05,0.2349
245,1,0.57668,0.23596,7.0732,4.9982e+05,0.4176
245,2,-2.0858,-0.77842,1.5937,82576,0.4176
246,1,-0.68156,-0.2288,5.0942,1.9674e+05,0.27339
246,2,-0.26014,-0.52481,4.3681,5.2987e+05,0.27339
247,1,1.0666,0.63848,7.5284,2.6685e+05,0.57595
247,2,-2.0992,0.37147,2.7953,1.5721e+05,0.57595
248,1,0.41979,-0.67402,4.7574,2.839e+05,0.12572
248,2,0.60107,-1.0952,4.842,5.9038e+05,0.12572
249,1,-0.48948,-0.62259,4.6489,5.8223e+05,0.41722
249,2,2.9745,1.9203,17.024,549.06,0.41722
250,1,0.47349,-1.6378,5.8526,6.8362e+05,0.28578
250,2,1.3656,2.0237,9.4164,30606,0.28578
251,1,0.29617,1.0902,5.6399,3.3779e+05,0.4034
251,2,1.2008,-0.3587,8.5791,2.5881e+05,0.4034
252,1,-0.68677,0.28834,2.6992,1.6588e+05,0.25203
252,2,0.47168,1.3919,5.1071,5.8208e+05,0.25203
253,1,1.2481,-0.23218,6.4921,6.177e+05,0.36015
253,2,2.8092,0.28703,13.792,22149,0.36015
254,1,1.6182,-0.57588,9.5849,80190,0.35266
254,2,-0.84723,-0.075913,4.2697,5.6715e+05,0.35266
255,1,-0.64102,-0.3807,5.0367,4.8134e+05,0.35053
255,2,0.52048,1.9929,7.3346,1.6813e+05,0.35053
256,1,0.76365,0.14157,7.2659,4.773e+05,0.51087
256,2,1.1274,1.9281,10.91,11828,0.51087
257,1,-0.39816,2.3733,8.6134,13818,0.44113
257,2,-0.085463,-0.47392,5.4357,5.4506e+05,0.44113
258,1,-2.4652,0.51174,2.8667,1.6744e+05,0.38578
258,2,-0.85253,0.25777,4.5545,4.4678e+05,0.38578
259,1,-1.5485,0.13403,2.4885,1.9106e+05,0.22246
259,2,1.8632,-1.546,7.8599,5.8648e+05,0.22246
260,1,-0.70751,-1.7543,2.5049,4.3891e+05,0.27904
260,2,-1.348,-0.36381,2.7333,2.8206e+05,0.27904
261,1,-1.5051,-0.11697,2.7907,4.2391e+05,0.57564
261,2,1.8097,1.2262,16.689,446.69,0.57564
262,1,1.4525,-0.17649,7.9558,4.8982e+05,0.44063
262,2,-2.0768,-0.65208,1.8422,69558,0.44063
263,1,0.24472,-1.2894,4.019,5.2209e+05,0.20201
263,2,-0.11835,0.057564,3.1725,2.7591e+05,0.20201
264,1,0.1921,0.57624,4.675,4.6311e+05,0.47252
264,2,0.99233,1.3058,8.1135,64373,0.47252
265,1,1.3037,-0.59687,6.2501,5.6342e+05,0.074065
265,2,-0.12581,-1.5206,3.1831,3.6251e+05,0.074065
266,1,-1.8295,-0.17399,1.8807,1.0014e+05,0.66889
266,2,0.42999,1.6312,7.8938,2.3097e+05,0.66889
267,1,0.71666,-1.0711,4.4636,6.1609e+05,0.28821
267,2,1.1935,1.3189,7.4153,95700,0.28821
268,1,-1.07,0.41188,3.8895,2.1977e+05,0.35335
268,2,0.33472,0.15412,4.3075,4.2688e+05,0.35335
269,1,0.73005,0.052032,6.0724,6.4988e+05,0.15996
269,2,-0.98351,0.8776,2.7757,1.9016e+05,0.15996
270,1,0.21863,0.46312,8.536,1.1341e+05,0.26649
270,2,0.79425,-0.61263,5.8163,6.2011e+05,0.26649
271,1,-1.1149,1.0377,3.798,1.3002e+05,0.61681
271,2,0.68525,1.8222,5.633,2.5318e+05,0.61681
272,1,-1.1271,-0.80885,3.117,3.5925e+05,0.28808
272,2,-0.55918,1.161,3.9221,3.5267e+05,0.28808
273,1,0.99311,-0.26113,6.6022,4.0922e+05,0.30858
273,2,0.34639,-0.18471,4.8951,2.8221e+05,0.30858
274,1,2.4739,-0.82248,7.2296,5.4598e+05,0.098632
274,2,0.50392,0.20098,4.1129,3.5539e+05,0.098632
275,1,0.37818,0.66724,7.3354,3.1717e+05,0.5451
275,2,-1.1153,0.79533,4.1246,1.3773e+05,0.5451
276,1,0.052993,1.7725,4.6235,1.498e+05,0.14597
276,2,-0.17789,-2.5088,5.5009,7.0423e+05,0.14597
277,1,-1.2265,-2.1099,2.5967,2.9907e+05,0.17828
277,2,0.79295,-0.7994,5.5089,5.2265e+05,0.17828
278,1,0.68087,0.21808,7.2571,3.2248e+05,0.36074
278,2,-1.2874,-1.5666,2.2445,3.1678e+05,0.36074
279,1,0.32864,-1.9797,2.7145,2.579e+05,0.084958
279,2,1.0541,-1.8674,5.911,6.5714e+05,0.084958
280,1,1.499,-1.5868,4.3145,4.8987e+05,0.049197
280,2,0.13779,-1.0191,3.993,4.6094e+05,0.049197
281,1,-0.57711,0.85297,4.1665,2.9486e+05,0.30035
281,2,-0.83643,0.47733,3.4445,4.0478e+05,0.30035
282,1,0.54161,-1.0719,4.9096,6.3329e+05,0.082083
282,2,-0.82113,-1.0741,3.0954,2.8462e+05,0.082083
283,1,0.25194,0.76098,5.6873,3.0355e+05,0.42487
283,2,-0.61038,0.25443,3.6693,2.7158e+05,0.42487
284,1,0.46931,0.92099,5.6196,2.5439e+05,0.16004
284,2,-0.23978,-0.90688,4.6197,5.8557e+05,0.16004
285,1,1.9434,0.44162,9.8264,1.6466e+05,0.31604
285,2,-0.24692,-0.80361,4.4766,5.193e+05,0.31604
286,1,1.2046,0.20556,7.8811,1.8127e+05,0.28244
286,2,-1.4041,-1.9912,3.4811,5.363e+05,0.28244
287,1,-0.33824,1.0569,4.6121,4.7246e+05,0.12544
287,2,0.52827,0.014741,4.0757,4.0211e+05,0.12544
288,1,-0.1993,-0.84737,2.7253,4.0557e+05,0.31279
288,2,-0.37276,1.3372,3.8676,2.8164e+05,0.31279
289,1,-0.66616,-1.0411,3.0359,5.1622e+05,0.24804
289,2,0.47837,-0.82066,7.0916,2.3573e+05,0.24804
290,1,-0.87837,1.0496,3.2127,2.2533e+05,0.36664
290,2,0.64773,1.3231,6.2128,4.0802e+05,0.36664
291,1,0.27171,-0.35232,8.0296,2.782e+05,0.23067
291,2,0.35864,0.13236,4.954,4.9113e+05,0.23067
292,1,-0.52788,0.56456,2.5984,1.9481e+05,0.32348
292,2,-0.34579,-0.80154,3.9634,4.817e+05,0.32348
293,1,0.084606,0.90075,3.7956,1.4982e+05,0.17424
293,2,0.72912,-1.3256,5.605,6.7593e+05,0.17424
294,1,1.2374,0.12357,7.3356,3.0996e+05,0.12686
294,2,0.033012,0.27394,5.1,5.6318e+05,0.12686
295,1,1.0135,1.2437,8.4396,4.0137e+05,0.37095
295,2,-0.92774,-0.58949,2.8267,2.2768e+05,0.37095
296,1,-1.3631,0.43782,2.4978,1.771e+05,0.31175
296,2,0.68058,-0.14327,7.9245,5.1114e+05,0.31175
297,1,-0.93873,-0.58362,2.87,4.0431e+05,0.4641
297,2,-0.81346,1.7095,3.9434,1.3159e+05,0.4641
298,1,-1.3157,-1.3313,1.849,81605,0.30165
298,2,0.62712,-0.13085,6.075,6.1674e+05,0.30165
299,1,0.31758,1.1591,6.2463,3.5564e+05,0.23173
299,2,0.16284,0.12839,4.632,4.1262e+05,0.23173
300,1,-0.19932,-0.056144,3.5221,2.9479e+05,0.11696
300,2,0.88167,-0.84124,6.3366,5.8825e+05,0.11696
301,1,0.98399,-0.36271,4.3945,4.4547e+05,0.14922
301,2,0.10123,-0.73883,4.3566,4.0531e+05,0.14922
302,1,-1.4565,0.4872,3.2916,1.7323e+05,0.20079
302,2,1.3218,-1.5666,5.919,6.2598e+05,0.20079
303,1,-0.8782,0.53556,3.0501,3.7429e+05,0.56084
303,2,-2.8614,-0.34204,1.8531,64873,0.56084
304,1,0.1509,0.83683,6.0495,5.2356e+05,0.31615
304,2,-0.99132,0.47451,2.804,1.6029e+05,0.31615
305,1,0.66703,0.0065093,6.9836,2.867e+05,0.28577
305,2,0.82812,-0.23589,8.2179,4.2753e+05,0.28577
306,1,-0.57451,-0.4841,4.4132,4.6532e+05,0.37491
306,2,0.49975,0.23845,7.7768,1.5977e+05,0.37491
307,1,1.8512,-1.7787,5.6284,6.8507e+05,0.23357
307,2,-1.8977,-0.92264,1.9023,81353,0.23357
308,1,0.28616,-0.81331,4.568,5.5273e+05,0.29664
308,2,-0.68617,0.7934,2.9342,1.5063e+05,0.29664
309,1,-0.41103,0.22578,3.4699,2.8353e+05,0.14596
309,2,0.66356,-0.21284,5.4221,5.7051e+05,0.14596
310,1,-0.15558,0.50943,4.0257,3.5452e+05,0.28859
310,2,0.12915,-0.030124,5.6422,3.5689e+05,0.28859
311,1,-0.089803,-0.091861,4.3859,1.9255e+05,0.31509
311,2,-0.0062921,-0.92124,3.5798,4.9236e+05,0.31509
312,1,0.94041,1.8593,7.4618,86231,0.52583
312,2,0.34916,0.92707,5.6752,3.8794e+05,0.52583
313,1,2.2652,-1.5519,7.8725,4.753e+05,0.2254
313,2,-0.04789,0.44408,4.6701,2.993e+05,0.2254
314,1,0.29964,-0.14642,3.1557,1.7958e+05,0.2562
314,2,-0.19722,-0.10307,4.2094,5.6422e+05,0.2562
315,1,-1.522,-1.5075,2.6768,1.8576e+05,0.1735
315,2,0.62101,-1.6794,4.2813,6.4074e+05,0.1735
316,1,-0.61435,0.54935,3.6994,3.818e+05,0.2934
316,2,0.2417,0.46763,5.1519,3.248e+05,0.2934
317,1,-0.38683,1.0877,7.5031,80425,0.3506
317,2,0.42162,-2.2493,4.727,5.6897e+05,0.3506
318,1,-1.4689,3.4663,5.8301,19841,0.52814
318,2,0.17694,-0.21463,5.8404,4.5202e+05,0.52814
319,1,-0.94645,0.34322,5.3246,3.0799e+05,0.22421
319,2,-0.4385,-0.058403,3.8262,4.678e+05,0.22421
320,1,-1.3075,-0.19726,2.1826,3.279e+05,0.61509
320,2,0.79414,0.64915,9.8628,57008,0.61509
321,1,0.8465,-1.1611,5.4464,6.5412e+05,0.14583
321,2,0.11015,-0.39754,6.112,2.0005e+05,0.14583
322,1,2.7681,0.46877,10.51,60561,0.32846
322,2,-0.49535,-0.6573,4.8592,6.1098e+05,0.32846
323,1,0.11339,-1.4617,3.6053,4.7297e+05,0.098
323,2,-0.22981,-2.8823,2.6014,4.2903e+05,0.098
324,1,-1.8172,0.16144,2.443,1.6536e+05,0.30953
324,2,-0.52173,-1.0618,3.1552,5.2512e+05,0.30953
325,1,-0.76441,-0.78993,5.2844,5.1198e+05,0.43425
325,2,0.41014,0.16164,8.7043,53776,0.43425
326,1,1.1754,1.9512,8.5764,46662,0.31441
326,2,0.39774,-0.90466,7.1047,6.3893e+05,0.31441
327,1,0.45817,-0.29199,4.5567,4.5394e+05,0.20283
327,2,-0.26414,-0.3868,3.002,3.4322e+05,0.20283
328,1,1.4419,1.0214,11.22,13608,0.41517
328,2,0.23553,-0.13983,6.4102,5.7122e+05,0.41517
329,1,1.6925,0.36853,12.343,61127,0.68915
329,2,0.47573,2.192,7.8738,2.4973e+05,0.68915
330,1,-0.11522,-2.0215,3.2718,5.7015e+05,0.154
330,2,1.822,-0.63698,8.2093,2.7585e+05,0.154
331,1,0.72973,-0.25929,7.0433,4.6531e+05,0.16434
331,2,-0.94013,-1.2135,2.6808,3.7035e+05,0.16434
332,1,0.09866,0.27526,4.0103,2.0569e+05,0.20846
332,2,1.6843,0.35329,7.5013,5.8585e+05,0.20846
333,1,1.1283,-1.5579,4.9703,4.6113e+05,0.050401
333,2,2.4654,-2.0666,8.4187,4.8847e+05,0.050401
334,1,0.006498,-1.6439,4.7424,5.4477e+05,0.31018
334,2,-1.0646,1.5815,2.4432,1.4505e+05,0.31018
335,1,-0.12177,-0.84072,3.9111,3.626e+05,0.15115
335,2,0.74077,-0.34947,7.2655,4.8625e+05,0.15115
336,1,-0.22538,1.3067,4.0434,2.5687e+05,0.34187
336,2,-0.28028,-0.28438,4.5199,4.0125e+05,0.34187
337,1,0.95944,0.64717,8.8777,2.0622e+05,0.218
337,2,1.0871,0.63255,5.0429,5.7579e+05,0.218
338,1,0.91939,-0.29934,5.0233,5.1053e+05,0.069168
338,2,0.021531,-1.721,2.9789,4.203e+05,0.069168
339,1,-0.76199,-1.6488,3.1827,4.9443e+05,0.19921
339,2,-0.2503,-0.18199,3.6923,3.0636e+05,0.19921
340,1,1.1011,-0.46671,5.0737,4.6824e+05,0.14816
340,2,-0.44661,-1.4358,3.7614,3.836e+05,0.14816
341,1,0.6699,0.76665,6.7172,3.1388e+05,0.25714
341,2,0.37578,1.5235,5.6658,4.2898e+05,0.25714
342,1,-0.50495,-1.1114,3.624,4.3003e+05,0.21597
342,2,0.32585,0.46818,5.2576,3.5399e+05,0.21597
343,1,-0.022055,0.92946,3.0838,1.957e+05,0.42229
343,2,-0.0087579,-0.090432,4.5966,3.82e+05,0.42229
344,1,1.3803,0.76087,7.6657,3.2706e+05,0.36634
344,2,-0.94146,0.23792,3.3198,3.066e+05,0.36634
345,1,0.23759,-1.045,3.9986,5.5108e+05,0.15681
345,2,-0.67155,0.96577,4.4493,2.9211e+05,0.15681
346,1,1.4213,-1.029,8.1359,7.3669e+05,0.25837
346,2,1.4076,0.20651,13.105,4940,0.25837
347,1,0.66164,-0.22558,7.6351,98775,0.33349
347,2,0.22735,-0.96599,4.6659,5.6773e+05,0.33349
348,1,-0.1734,-0.61274,5.1231,4.4517e+05,0.37665
348,2,-0.014029,2.0718,5.7953,1.7818e+05,0.37665
349,1,-0.097748,-0.6155,5.6791,3.5925e+05,0.39945
349,2,-0.55662,1.6046,4.4777,2.413e+05,0.39945
350,1,0.29004,0.47527,4.464,3.0848e+05,0.27148
350,2,-1.4199,-1.4473,2.6731,4.2004e+05,0.27148
351,1,-0.39813,0.22003,3.0165,2.3473e+05,0.23912
351,2,0.25644,-1.7114,2.9514,5.2615e+05,0.23912
352,1,0.70188,-1.1064,7.8462,6.5096e+05,0.31687
352,2,-1.0055,1.7906,4.4573,32167,0.31687
353,1,-0.54027,0.81981,4.0818,2.2876e+05,0.38303
353,2,1.7175,0.055521,10.115,3.8821e+05,0.38303
354,1,0.39273,0.14895,6.082,4.4558e+05,0.35216
354,2,-0.87796,1.5319,3.0389,2.0226e+05,0.35216
355,1,2.0193,-0.65951,8.0452,4.9377e+05,0.4153
355,2,-1.7937,0.77145,2.9495,90921,0.4153
356,1,-0.92708,-0.47167,3.5037,3.1871e+05,0.31502
356,2,-0.16988,-0.11423,3.8909,3.6627e+05,0.31502
357,1,-0.47233,0.98423,4.4566,4.0408e+05,0.3094
357,2,0.27595,0.99311,5.5637,2.8652e+05,0.3094
358,1,-0.46614,0.92481,4.1523,5.0094e+05,0.30043
358,2,-0.33209,1.447,6.8029,1.9863e+05,0.30043
359,1,0.095285,0.50127,5.1467,2.0731e+05,0.11399
359,2,1.6145,-0.32384,7.0874,6.787e+05,0.11399
360,1,1.0231,0.10949,6.2173,5.9469e+05,0.37028
360,2,-3.4915,-1.5513,1.7737,35026,0.37028
361,1,0.77841,-0.90353,6.2556,5.3633e+05,0.27288
361,2,-0.24646,-0.4959,2.4944,1.9079e+05,0.27288
362,1,0.81887,-0.32374,6.5212,3.8608e+05,0.10562
362,2,2.0475,-0.98054,8.4184,5.083e+05,0.10562
363,1,0.24892,0.066095,4.3076,4.2464e+05,0.29304
363,2,-1.1298,-0.63792,3.7457,2.8232e+05,0.29304
364,1,-1.0864,-1.0462,3.2853,5.6381e+05,0.24171
364,2,0.24027,0.61872,6.7215,1.9447e+05,0.24171
365,1,0.0087093,-0.54741,4.5299,4.4104e+05,0.11092
365,2,0.33427,-1.651,3.7654,4.4804e+05,0.11092
366,1,2.5367,-1.3187,13.182,39774,0.33176
366,2,2.2936,-0.47413,6.8753,6.2847e+05,0.33176
367,1,1.3993,-0.92247,7.3487,7.1107e+05,0.25185
367,2,-0.87988,2.3144,4.8463,37077,0.25185
368,1,0.34211,-0.90329,4.9859,6.5881e+05,0.3316
368,2,-2.264,2.97,2.0154,9593.1,0.3316
369,1,0.69458,0.10158,4.4911,3.9694e+05,0.1554
369,2,-0.16275,-0.017858,4.7893,4.4766e+05,0.1554
370,1,0.19499,-0.52153,5.8751,5.2107e+05,0.1023
370,2,-0.066947,0.1271,4.1041,3.7663e+05,0.1023
371,1,-0.2389,1.8258,3.5553,3.6345e+05,0.44235
371,2,-1.576,0.20427,2.7919,1.942e+05,0.44235
372,1,-0.18147,0.36184,3.6938,3.4691e+05,0.30355
372,2,0.04201,0.85371,3.4759,3.4954e+05,0.30355
373,1,0.42498,0.85858,5.3657,3.218e+05,0.60258
373,2,-1.8547,0.30639,3.0489,75618,0.60258
374,1,-0.35109,-0.86066,3.0454,3.3496e+05,0.11781
374,2,1.382,0.20689,6.5684,5.4723e+05,0.11781
375,1,-0.27077,-0.50614,3.6841,4.3137e+05,0.13303
375,2,0.43966,-0.18435,5.2324,4.356e+05,0.13303
376,1,0.8706,-1.3479,4.7873,6.6515e+05,0.17465
376,2,0.33076,1.5479,5.0493,1.602e+05,0.17465
377,1,-0.10271,-0.83959,5.9433,4.6794e+05,0.072571
377,2,-0.32272,-1.6606,4.0099,4.5949e+05,0.072571
378,1,0.3589,-0.57036,3.5179,5.3542e+05,0.1852
378,2,-0.012137,0.93403,6.5219,2.7938e+05,0.1852
379,1,0.87259,-1.5031,5.9131,6.1322e+05,0.22665
379,2,0.11792,0.92184,4.7686,1.6013e+05,0.22665
380,1,2.1844,-0.29421,5.3445,6.097e+05,0.074858
380,2,-0.093783,-0.50481,3.8954,3.1544e+05,0.074858
381,1,-0.27503,-2.7712,3.1232,5.2034e+05,0.23207
381,2,0.84514,0.91807,5.3326,2.4758e+05,0.23207
382,1,-0.4242,1.2064,3.9945,2.0872e+05,0.36169
382,2,-1.4694,0.19734,3.1054,4.2959e+05,0.36169
383,1,0.62105,-1.0578,5.4373,7.136e+05,0.21151
383,2,-1.7955,0.15154,2.5178,74891,0.21151
384,1,1.2618,-0.57033,5.2468,3.7052e+05,0.10518
384,2,1.1673,-0.3939,5.9785,5.243e+05,0.10518
385,1,0.91955,0.65713,6.3177,94464,0.21387
385,2,0.85216,-0.75346,6.1828,6.9167e+05,0.21387
386,1,-2.2082,-0.061672,2.2382,1.7971e+05,0.35086
386,2,1.4361,1.1778,6.3625,4.6943e+05,0.35086
387,1,0.17968,0.055986,5.0226,2.6547e+05,0.055113
387,2,1.1663,-2.1,4.8234,6.7942e+05,0.055113
388,1,0.37392,0.33858,5.7989,1.3278e+05,0.28999
388,2,0.24518,-1.0781,3.8856,5.7723e+05,0.28999
389,1,-0.19671,0.91075,5.0775,2.5801e+05,0.38417
389,2,-0.89014,-0.012265,4.2302,3.5782e+05,0.38417
390,1,-2.1327,0.96629,3.1158,70749,0.31064
390,2,0.21993,0.34999,6.8722,6.1861e+05,0.31064
391,1,-0.83009,-0.64259,3.7439,4.4734e+05,0.19622
391,2,-0.12178,-0.07895,3.6282,3.5644e+05,0.19622
392,1,0.67452,-0.14946,7.254,5.0475e+05,0.49052
392,2,1.0368,-0.31708,12.438,4732.6,0.49052
393,1,0.031701,-0.083531,5.0388,2.2581e+05,0.37246
393,2,0.34127,0.61642,6.6146,4.0173e+05,0.37246
394,1,-0.068325,-0.47357,4.6565,3.354e+05,0.28777
394,2,-0.56347,-1.7035,2.7221,3.7683e+05,0.28777
395,1,0.054933,-1.7756,3.5057,5.0932e+05,0.29494
395,2,1.3986,0.32965,7.5637,1.9574e+05,0.29494
396,1,-0.83662,1.4584,3.4595,97559,0.30045
396,2,0.55315,-0.85508,5.3996,6.0199e+05,0.30045
397,1,-0.81633,0.20707,2.6563,1.7477e+05,0.26318
397,2,0.11515,-0.44456,4.9069,5.6205e+05,0.26318
398,1,-0.63124,-0.86719,3.5949,5.399e+05,0.13207
398,2,-0.50032,-1.0401,2.8481,3.2804e+05,0.13207
399,1,1.0604,1.7773,9.0194,35678,0.50581
399,2,-0.53815,-0.77952,2.9887,4.5852e+05,0.50581
400,1,0.4173,-0.57268,4.3906,4.9335e+05,0.4189
400,2,-1.6481,0.65923,3.317,87749,0.4189
401,1,0.64109,-0.35425,6.074,3.2039e+05,0.24589
401,2,0.9467,-0.57882,5.4326,4.3372e+05,0.24589
402,1,0.9625,-0.10792,7.5519,3.3359e+05,0.36913
402,2,1.2608,-0.57716,8.89,2.9728e+05,0.36913
403,1,1.5061,1.2041,14.972,863.18,0.41285
403,2,0.29534,-0.011846,3.8363,5.8629e+05,0.41285
404,1,0.20566,-1.159,4.7262,5.4355e+05,0.19653
404,2,-0.34621,0.33583,5.4392,2.5992e+05,0.19653
405,1,0.24309,1.1306,5.7491,4.4209e+05,0.50779
405,2,1.4677,0.010653,12.03,50123,0.50779
406,1,-0.87835,0.86278,4.9717,2.4172e+05,0.47255
406,2,-0.76195,0.64831,3.346,2.8572e+05,0.47255
407,1,-0.047474,1.437,5.0522,1.6364e+05,0.13273
407,2,1.6891,-2.2511,5.8601,7.0363e+05,0.13273
408,1,1.6245,0.55528,9.6249,1.8253e+05,0.45701
408,2,1.2411,0.70342,8.4034,3.6046e+05,0.45701
409,1,0.50773,-0.39437,6.9783,1.1487e+05,0.32857
409,2,-0.3099,-0.26974,3.8612,5.5656e+05,0.32857
410,1,-1.0718,-0.050611,2.6644,2.7905e+05,0.16606
410,2,0.24606,-0.73015,5.0387,5.5489e+05,0.16606
411,1,-1.2879,0.1638,2.3545,2.0683e+05,0.57168
411,2,0.083578,0.68257,6.4129,2.2148e+05,0.57168
412,1,0.30675,-0.22893,5.5258,6.2352e+05,0.13546
412,2,-0.53718,-0.53622,2.8384,2.4101e+05,0.13546
413,1,1.1435,0.16408,5.7332,5.556e+05,0.21144
413,2,0.66329,1.7854,6.4887,2.3295e+05,0.21144
414,1,-0.34434,2.0541,3.7996,2.0156e+05,0.35264
414,2,0.64762,0.79894,5.8556,4.458e+05,0.35264
415,1,1.1802,0.99157,5.8785,5.457e+05,0.27397
415,2,0.3774,0.60345,7.1039,1.8033e+05,0.27397
416,1,0.59964,-1.4197,5.2575,5.0992e+05,0.1953
416,2,1.1004,-0.20364,6.8896,2.9477e+05,0.1953
417,1,0.65202,1.676,7.0287,1.9724e+05,0.36794
417,2,0.17853,-0.3251,4.6134,4.3482e+05,0.36794
418,1,-1.2273,-0.73482,2.2356,99969,0.52349
418,2,0.19093,0.78838,3.7558,3.7655e+05,0.52349
419,1,-1.9683,-0.086922,2.3975,1.8159e+05,0.49187
419,2,-1.6861,0.30739,3.1044,3.2653e+05,0.49187
420,1,1.0478,0.026693,6.4994,5.7712e+05,0.11256
420,2,2.0589,-0.24052,7.5964,3.1032e+05,0.11256
421,1,0.24526,-1.1181,3.75,4.6019e+05,0.15927
421,2,0.14579,-0.59694,5.3757,3.8054e+05,0.15927
422,1,0.59852,-1.9808,5.3603,6.3058e+05,0.13509
422,2,-0.1925,0.36294,3.3116,2.3433e+05,0.13509
423,1,1.7013,0.20392,8.0094,2.4464e+05,0.34443
423,2,-0.030569,-1.0478,3.4058,4.1093e+05,0.34443
424,1,-0.82829,0.91914,5.1351,3.62e+05,0.31962
424,2,2.8876,0.40579,8.3235,3.1838e+05,0.31962
425,1,0.19994,0.52937,5.0591,3.6409e+05,0.23258
425,2,-1.0383,-2.2171,2.8118,4.0332e+05,0.23258
426,1,-0.7637,-0.37464,2.6374,2.9934e+05,0.17709
426,2,0.54952,-1.6592,4.3951,5.2357e+05,0.17709
427,1,0.040473,-0.54774,5.7458,5.8875e+05,0.35418
427,2,-0.25473,1.6766,6.1271,57067,0.35418
428,1,1.7933,-0.32585,7.6174,4.8624e+05,0.087002
428,2,1.1026,-0.58281,4.7512,4.2676e+05,0.087002
429,1,0.95588,0.24494,7.5249,2.9799e+05,0.43509
429,2,0.15928,1.1247,4.6686,2.6693e+05,0.43509
430,1,-0.08839,-0.54458,3.1745,4.718e+05,0.20202
430,2,-0.41304,-0.024007,3.1826,3.2618e+05,0.20202
431,1,-0.69323,1.455,5.4574,2.5315e+05,0.56173
431,2,0.57765,1.0355,7.9415,1.8512e+05,0.56173
432,1,-0.72984,-1.1986,2.4027,2.799e+05,0.20628
432,2,0.8332,0.61877,4.7833,5.1382e+05,0.20628
433,1,0.015975,-0.24937,4.6657,5.2127e+05,0.30735
433,2,1.1107,0.4957,9.0172,1.7139e+05,0.30735
434,1,2.4677,-0.93384,8.594,5.6271e+05,0.37075
434,2,1.1462,1.1198,9.0202,66531,0.37075
435,1,-0.39726,1.7697,3.6037,1.2382e+05,0.1991
435,2,0.53786,-1.9055,6.0466,6.7709e+05,0.1991
436,1,0.92393,-1.3019,5.0647,4.8076e+05,0.08733
436,2,2.2231,-0.90899,7.8481,4.3191e+05,0.08733
437,1,1.2196,0.20398,7.6705,4.1602e+05,0.36024
437,2,-0.90956,0.98975,3.035,2.2374e+05,0.36024
438,1,-0.59968,-0.19767,2.3823,2.2514e+05,0.11609
438,2,1.3532,-0.578,6.0915,6.5878e+05,0.11609
439,1,0.1929,-0.39985,5.2898,6.2115e+05,0.2244
439,2,-1.2898,0.7754,4.3386,1.5445e+05,0.2244
440,1,0.32529,0.22016,5.6905,4.0707e+05,0.13556
440,2,1.2524,0.8152,5.8771,4.5736e+05,0.13556
441,1,-0.0875,-0.74314,4.0794,4.0392e+05,0.27369
441,2,0.35545,0.072031,5.1154,3.2239e+05,0.27369
442,1,1.1483,-0.13612,5.3105,4.2247e+05,0.21133
442,2,-1.085,0.65509,4.2071,3.662e+05,0.21133
443,1,1.0328,0.10926,4.3725,4.4752e+05,0.17696
443,2,0.37714,-0.68019,4.0383,3.7552e+05,0.17696
444,1,0.6145,0.82818,6.818,2.3754e+05,0.48535
444,2,-0.7853,0.66742,3.0386,2.7711e+05,0.48535
445,1,-1.0135,0.52359,3.9911,5.0331e+05,0.21548
445,2,0.25229,-1.4616,3.0893,2.8121e+05,0.21548
446,1,0.32517,0.011596,4.6053,3.4718e+05,0.29085
446,2,-0.42891,0.73132,4.8515,3.6198e+05,0.29085
447,1,0.19121,-0.85661,5.0473,5.572e+05,0.14249
447,2,-0.62876,-0.38871,2.7572,3.0031e+05,0.14249
448,1,-1.1334,1.0402,3.5617,3.1634e+05,0.41375
448,2,0.022121,1.2315,5.1624,2.6991e+05,0.41375
449,1,0.93744,-2.1189,4.7522,3.9509e+05,0.12437
449,2,0.97424,-0.046465,5.1256,4.8054e+05,0.12437
450,1,-1.6838,-0.12448,2.7904,1.9119e+05,0.2526
450,2,0.17703,-0.41555,5.1308,5.5621e+05,0.2526
451,1,0.3501,0.18608,5.15,4.7939e+05,0.1969
451,2,-0.29131,0.5766,3.2474,3.2371e+05,0.1969
452,1,0.99728,-0.657,6.4865,3.7622e+05,0.37727
452,2,-0.026054,0.67775,5.8194,2.4652e+05,0.37727
453,1,-0.16016,1.9371,6.6189,79281,0.40793
453,2,-0.11384,-0.1708,4.8696,5.1278e+05,0.40793
454,1,0.36625,2.689,5.0715,3.9081e+05,0.48477
454,2,0.32215,0.87607,5.7869,1.2442e+05,0.48477
455,1,-0.81893,0.53382,6.4876,88005,0.26506
455,2,0.99214,-1.5267,6.6443,6.4694e+05,0.26506
456,1,0.17956,0.037599,3.6984,3.5928e+05,0.31246
456,2,-1.0193,0.13712,2.8931,3.2827e+05,0.31246
457,1,0.4106,-0.57374,4.3284,5.1413e+05,0.21161
457,2,-1.2126,0.10539,2.7372,2.7426e+05,0.21161
458,1,0.93159,0.57136,7.8764,2.8154e+05,0.2826
458,2,0.60004,0.68511,6.7577,4.3586e+05,0.2826
459,1,-0.11066,-1.1979,4.1625,4.9401e+05,0.093975
459,2,1.2379,-0.56439,6.8437,4.1202e+05,0.093975
460,1,-0.1558,-2.4432,3.0325,5.0233e+05,0.07041
460,2,-0.2754,-0.42732,5.0977,4.2726e+05,0.07041
461,1,-0.38547,-0.67377,3.7588,3.952e+05,0.27631
461,2,-0.94228,-1.9242,2.4239,3.2849e+05,0.27631
462,1,1.0658,0.12185,6.5968,3.9065e+05,0.17926
462,2,1.6207,-1.238,8.7646,4.3009e+05,0.17926
463,1,-0.96631,0.40383,2.0913,1.2828e+05,0.2578
463,2,1.5092,-0.42214,6.4631,6.1392e+05,0.2578
464,1,0.34681,0.15563,5.8006,4.411e+05,0.33753
464,2,0.82935,0.083714,9.7337,2.2137e+05,0.33753
465,1,1.5778,-0.67298,7.5526,4.4336e+05,0.34695
465,2,0.089548,0.93189,5.8847,2.097e+05,0.34695
466,1,-1.6033,-0.7017,2.5774,3.4802e+05,0.6026
466,2,-2.3621,1.6519,2.6258,49381,0.6026
467,1,0.33048,-2.0905,4.049,5.3475e+05,0.10466
467,2,0.47581,-0.17403,3.8545,3.6059e+05,0.10466
468,1,0.8699,1.3047,8.6316,1.8691e+05,0.50617
468,2,-0.57081,-0.042644,6.6435,3.0692e+05,0.50617
469,1,-1.0725,-1.2084,2.3459,3.6093e+05,0.30077
469,2,1.8233,-0.065392,7.38,3.383e+05,0.30077
470,1,-1.3892,1.1289,3.2631,2.7492e+05,0.53286
470,2,-1.3407,0.0016961,2.437,1.9222e+05,0.53286
471,1,0.16746,-0.62408,4.5132,6.1719e+05,0.11806
471,2,1.7881,-0.14996,8.7167,2.6474e+05,0.11806
472,1,-0.67671,0.51517,4.7523,3.6701e+05,0.35433
472,2,-0.016021,0.44483,5.6559,2.7866e+05,0.35433
473,1,0.42866,0.10982,6.4001,5.863e+05,0.33225
473,2,-1.3246,-1.6547,1.6489,81444,0.33225
474,1,-0.03822,0.055461,5.0477,3.1453e+05,0.19799
474,2,1.8829,-0.61389,6.6581,4.8748e+05,0.19799
475,1,-0.39275,-1.1905,2.9953,4.277e+05,0.19311
475,2,-0.62204,-1.8785,3.8583,3.7919e+05,0.19311
476,1,-0.88831,-0.69218,4.2332,5.9941e+05,0.39183
476,2,2.1408,0.099297,14.315,8765.2,0.39183
477,1,-1.1144,0.66116,2.6183,87820,0.63928
477,2,-1.7059,-1.7296,2.3794,2.729e+05,0.63928
478,1,-1.4951,0.80287,4.0774,1.6555e+05,0.2748
478,2,0.037283,0.97385,5.9496,5.5965e+05,0.2748
479,1,0.039702,1.2331,3.5136,2.925e+05,0.45222
479,2,-1.3799,1.7421,3.6475,2.5528e+05,0.45222
480,1,-0.8891,0.3832,3.121,2.898e+05,0.17262
480,2,1.2634,-0.11887,7.4041,5.3757e+05,0.17262
481,1,0.6885,1.2502,4.676,4.1007e+05,0.28347
481,2,1.5857,-0.1156,5.7505,3.0646e+05,0.28347
482,1,-0.54913,0.21278,4.371,2.9645e+05,0.13564
482,2,0.28373,-2.2028,6.1602,5.6791e+05,0.13564
483,1,-0.75733,2.1232,3.8749,1.5436e+05,0.45889
483,2,0.59615,1.3117,5.3437,3.8676e+05,0.45889
484,1,-0.062736,0.22114,5.0613,4.1276e+05,0.51938
484,2,1.2711,1.664,9.4442,67859,0.51938
485,1,-0.2099,-1.1164,4.6171,5.8876e+05,0.35477
485,2,-1.5882,0.61686,2.1936,56469,0.35477
486,1,-1.1752,1.194,2.8626,2.8977e+05,0.22943
486,2,-0.99822,-1.7537,3.2418,4.8079e+05,0.22943
487,1,-1.1752,-0.42217,2.7645,2.8855e+05,0.1745
487,2,0.089962,-1.6509,4.6521,5.3696e+05,0.1745
488,1,-1.3443,-1.1534,2.2061,2.3648e+05,0.35954
488,2,-1.2348,-0.10933,4.3252,4.0399e+05,0.35954
489,1,0.57407,0.19169,4.8089,3.0407e+05,0.25524
489,2,0.37173,1.2441,6.8326,4.4069e+05,0.25524
490,1,1.1102,1.7073,8.8283,1.9713e+05,0.19105
490,2,1.1826,-0.42032,6.4647,6.1182e+05,0.19105
491,1,0.92949,-1.1832,5.3996,6.891e+05,0.30881
491,2,1.793,-0.11118,15.464,2084.9,0.30881
492,1,-0.62457,-1.3243,2.1759,2.069e+05,0.38768
492,2,0.77668,1.5003,6.8311,4.0541e+05,0.38768
493,1,-0.96646,-1.0362,1.7604,1.1354e+05,0.51554
493,2,0.60935,-0.028238,4.4669,3.7092e+05,0.51554
494,1,-1.6495,0.49432,2.1987,2.0279e+05,0.34165
494,2,0.67867,-0.58847,8.2609,4.5556e+05,0.34165
495,1,0.20755,-0.0058805,4.4086,4.911e+05,0.23079
495,2,0.32208,0.28139,3.7642,2.7812e+05,0.23079
496,1,0.25879,2.221,7.4074,72144,0.24179
496,2,0.60366,-1.6541,5.3002,6.8607e+05,0.24179
497,1,-0.12753,0.42621,6.7907,71347,0.22299
497,2,0.68036,-1.6057,5.4582,7.0567e+05,0.22299
498,1,-0.72204,0.0036123,3.2413,4.0421e+05,0.4764
498,2,-1.7522,0.99514,2.3604,1.1939e+05,0.4764
499,1,1.0235,-0.48266,5.1603,5.9124e+05,0.35068
499,2,0.015895,0.63467,7.4286,58075,0.35068
500,1,-0.64881,0.11787,3.4312,4.6879e+05,0.14893
500,2,0.42359,-1.0808,2.6782,3.8228e+05,0.14893
